名前,年齢,身長,体重,B,W,H,CV,Cu,Co,Pa,担当_童貞得票,担当_非童貞得票,性的_童貞得票,性的_非童貞得票,童貞_童貞得票,童貞_非童貞得票,非童貞_童貞得票,非童貞_非童貞得票,cluster
相川千夏,23,161,43,82,56,85,0,0,1,0,1,1,1,1,0,0,4,1,0
愛野渚,18,163,47,84,58,85,0,0,0,1,0,1,0,0,0,0,0,0,0
相原雪乃,22,160,51,92,58,90,0,1,0,0,1,0,0,1,0,0,0,0,0
相葉夕美,18,158,42,81,57,80,1,0,0,1,14,8,12,7,9.583333333,2.666666667,10.75,11.66666667,0
赤城みりあ,11,140,36,75,55,78,1,0,0,1,12,3,2,2,9,8.083333333,7,3,0
赤西瑛梨華,16,154,55,92,59,88,0,1,0,0,0,0,4,1,0,0,0,0,0
秋月律子,19,156,43,85,57,85,1,0,1,0,0,2,0,1,0,0,1,0,0
浅野風香,16,160,48,88,59,84,0,1,0,0,0,0,0,1,2,0,1,1.333333333,0
浅利七海,14,151,41,78,55,77,0,0,1,0,2,0,1,0,0,0,0,0,0
アナスタシア,15,165,43,80,54,80,1,0,1,0,17,15,3,3,1.533333333,0.5,8,5,0
天海春香,17,158,46,83,56,82,1,1,0,0,2,3,1,0,0,0,0,1,0
綾瀬穂乃香,17,161,46,85,57,84,0,0,1,0,1,2,0,0,0,0,0,0,0
荒木比奈,20,157,43,83,57,82,1,0,1,0,11,7,2,2,1,4.444444444,1,3,0
有浦柑奈,19,155,44,78,57,80,0,1,0,0,4,0,2,0,0,0,0,0,0
安斎都,16,156,41,78,55,77,0,1,0,0,1,0,0,0,0,0,0,0,0
五十嵐響子,15,154,43,81,58,80,1,1,0,0,12,10,11,3,20.41025641,19.86666667,11,4.5,0
池袋晶葉,14,148,39,75,53,74,0,1,0,0,4,1,0,0,0,0,0,0,0
伊集院惠,21,160,44,86,56,81,0,0,1,0,0,0,0,0,0,0,0,0,0
市原仁奈,9,128,29,61,57,67,1,0,0,1,2,3,0,1,0,0,4.2,1.2,0
イヴ・サンタクロース,19,165,44,81,56,80,0,0,0,1,3,3,0,0,0,0,0,0,0
今井加奈,16,153,41,81,56,79,0,1,0,0,7,4,1,2.5,1,0,0,1,0
井村雪菜,17,163,48,85,60,88,0,1,0,0,0,0,0,0,0,0,0,0,0
上田鈴帆,14,156,42,76,55,79,1,0,0,1,0,0,0,0,0,0,0,0.2,0
氏家むつみ,13,152,42,78,57,80,0,0,1,0,0,1,0,0,0,0,0,0,0
梅木音葉,19,172,49,86,58,85,0,0,1,0,4,0,1,0,0,0,0.333333333,0,0
江上椿,19,161,46,80,57,80,0,1,0,0,1,0,1,0,0,0,0,0,0
衛藤美紗希,22,160,45,84,56,80,0,0,0,1,0,0,0,0,0,0,2.5,0,0
海老原菜帆,17,162,58,92,65,93,0,0,0,1,6,4,9,14,0.2,1,0,2,0
及川雫,16,170,56,105,64,92,1,0,0,1,2,4,17,8.333333333,7,7.5,3.533333333,3,0
大石泉,15,157,41,83,55,82,0,0,1,0,8,6,1,7,1,2,1,0,0
太田優,21,159,45,89,57,87,0,1,0,0,0,0,0,0,0,0,0,0,0
大西由里子,20,156,44,81,58,83,0,1,0,0,0,0,0,0,0,0,0,0,0
大原みちる,15,153,40,78,55,80,0,1,0,0,6,1,0,0,0,0,0,0,0
岡崎泰葉,16,153,43,79,55,80,0,0,1,0,3,0,0,1,0,0,1,0,0
奥山沙織,19,156,47,83,57,81,0,1,0,0,1,4,0,0,0,0,1,0,0
乙倉悠貴,13,164,40,70,53,74,1,1,0,0,9,10,13,10,2.276923077,6,3,2,0
片桐早苗,28,152,47,92,58,84,1,0,0,1,3,3,9,12,2,3.5,11,9.5,0
上条春菜,18,156,42,79,56,80,1,0,1,0,11,4,1,0,0,0,0.333333333,0,0
神谷奈緒,17,154,44,83,58,81,1,0,1,0,25,26,6,10,6.125,0.920634921,1,3.333333333,0
神崎蘭子,14,156,41,81,57,80,1,0,1,0,22,6,8,3,8.243589744,12.11111111,3.111111111,5,0
我那覇響,16,152,41,83,56,80,1,1,0,0,2,2,1,0,0,0,0,0,0
菊地真,17,159,44,75,57,78,1,1,0,0,5,2,2,0,0,0,0,0,0
如月千早,16,162,41,72,55,78,1,0,1,0,1,2,1,0,0,0,1,0,0
岸部彩華,19,162,46,89,59,85,0,0,1,0,0,0,0,0,0,0,0,0,0
北川真尋,17,158,43,75,57,79,0,0,0,1,0,1,0,0,0,0,0,0,0
喜多日菜子,15,151,38,78,56,78,0,0,0,1,7,4,1,0,0,0,0,0,0
喜多見柚,15,156,43,82,57,82,1,0,0,1,7,8,5,1,1,0,2,1,0
木場真奈美,25,172,50,88,60,89,0,0,1,0,1,0,5,0.5,0,0,1.142857143,0,0
木村夏樹,18,159,41,82,57,83,1,0,0,1,2,8,1,2,0,0,13,6.2,0
キャシー・グラハム,15,168,49,83,56,85,0,0,0,1,0,0,0,0,0,0,0,0,0
桐野アヤ,19,160,43,86,56,86,0,0,1,0,0,0,0,0,0,0,0,0,0
桐生つかさ,18,164,45,83,55,82,0,0,1,0,1,2,0,0,0,0,4.142857143,7,0
日下部若葉,20,148,40,77,54,78,0,1,0,0,2,2,1,1,0,0,0,0,0
工藤忍,16,154,41,78,54,81,0,1,0,0,6,2,1,1,0,0,1,1,0
クラリス,20,166,45,80,55,82,0,1,0,0,3,2,0,0,0,0,0,0,0
栗原ネネ,15,161,44,77,54,78,0,1,0,0,0,2,0,2,1,1,0,0,0
黒川千秋,20,163,45,86,57,86,0,0,1,0,2,1,3,4,1,0,0.142857143,1,0
ケイト,20,157,45,83,59,85,0,0,1,0,0,1,0,0,0,0,0,0,0
古賀小春,12,140,35,72,54,77,0,1,0,0,1,0,0,0,0,0,0,0,0
輿水幸子,14,142,37,74,52,75,1,1,0,0,16,17,4,3,2,1,4,1,0
小関麗奈,13,148,41,75,50,77,0,0,0,1,5,2,1,0,0,0,0,0,0
小早川紗枝,15,148,42,78,56,80,1,1,0,0,8,13,4.5,7,1,5,2.25,2,0
小日向美穂,17,155,42,82,59,86,1,1,0,0,28,20,4,1,17.66666667,12.05952381,5,5,0
小松伊吹,19,165,48,85,59,88,0,0,0,1,0,0,4,1,0,0,0,1.333333333,0
小室千奈美,19,164,45,84,56,82,0,0,1,0,0,0,0,1,0,0,0,0,0
西園寺琴歌,17,156,46,87,57,85,0,1,0,0,4,1,1,1,3,0,1,0,0
斉藤洋子,20,157,46,85,57,82,0,0,0,1,1,2,2,1,0,1,2,2,0
冴島清美,15,153,43,76,58,78,0,0,0,1,1,0,2,0,0,0,0,0,0
榊原里美,17,162,46,91,56,86,0,1,0,0,0,0,1,0,0,0,0,0,0
櫻井桃華,12,145,39,72,53,75,1,1,0,0,10,7,4.076923077,2,6.7,8.533333333,3,1,0
佐々木千枝,11,139,33,73,49,73,1,0,1,0,9,8,18,11,4.7,0.75,0,0,0
佐城雪美,10,137,30,63,47,65,0,0,1,0,12,3,1,1,1,1,0.333333333,0,0
沢田麻理菜,26,166,47,87,57,87,0,0,0,1,0,0,0,3,0,0,0,1.5,0
財前時子,21,168,46,83,55,85,0,0,0,1,4,1,4,1,1,0,1,5.166666667,0
椎名法子,13,147,38,76,55,79,1,1,0,0,5,3,1,0,0,0,0.142857143,0,0
四条貴音,18,169,49,90,62,92,1,0,1,0,2,3,4,7.5,0,0,0,0,0
篠原礼,27,171,49,93,58,88,0,0,1,0,0,0,5,8.5,0,0,0,2,0
首藤葵,13,145,39,73,53,75,0,0,0,1,2,0,0,0,0,0,0,0,0
白菊ほたる,13,156,42,77,53,76,0,1,0,0,9,4,6,2,1,0,1.5,0.5,0
白坂小梅,13,142,34,65,50,70,1,0,1,0,14,21,12,6,0.5,2,2.142857143,2,0
城ヶ崎莉嘉,12,149,36,72,54,75,1,0,0,1,4,2,3.076923077,1,1,0,0,1,0
杉坂海,18,162,45,88,58,86,0,0,0,1,0,0,0,1,0,0,1,0,0
涼宮星花,19,158,45,82,57,83,0,1,0,0,1,0,0,0,0,0,0.333333333,0,0
関裕美,14,155,43,78,55,80,1,1,0,0,10,5,0,0,1,0,2.142857143,0,0
瀬名詩織,19,165,48,85,58,83,0,0,1,0,0,0,0,0,0,0,0,0,0
仙崎恵磨,21,156,45,81,55,81,0,0,0,1,2,3,0,1,0,0,1,2,0
相馬夏美,25,160,46,83,60,89,0,0,0,1,0,0,2,1,0,0,2,2,0
高槻やよい,14,145,37,74,54,78,1,1,0,0,2,3,0,0,0,0,0,1,0
高橋礼子,31,167,51,91,62,90,0,0,1,0,1,2,8,11,0,0,2,2,0
鷹富士茄子,20,160,43,88,57,88,0,0,1,0,10,13,13,8,2,0,4,2,0
高峯のあ,24,168,48,87,55,86,0,0,1,0,5,4,1,1,0,0,1,0,0
高森藍子,16,155,42,74,60,79,1,0,0,1,37,13,5,7,11.75,6.95,7.611111111,6.2,0
多田李衣菜,17,152,41,80,55,81,1,0,1,0,23,15,2,1,0,0,3,3,0
橘ありす,12,141,34,68,52,67,1,0,1,0,12,16,4.076923077,2,11.575,16.66666667,5.5,3,0
月宮雅,18,153,44,86,56,82,0,1,0,0,0,1,0,0,0,0,0,0,0
土屋亜子,15,156,42,85,54,83,0,0,0,1,2,0,1,0,0,0,0,0,0
東郷あい,23,167,45,82,57,83,0,0,1,0,4,4,2,0,0,0,1.25,2.5,0
トレーナー,23,160,45,84,56,85,1,0,0,1,0,0,0,0,0,0,0,0,0
道明寺歌鈴,17,155,43,80,57,83,1,1,0,0,8,2,0,1,0,0,0,0,0
中野有香,18,149,40,77,57,81,1,1,0,0,3,5,1,0,0,0,0,0,0
長富蓮実,16,161,45,83,56,85,0,1,0,0,2,0,0,0,0,0,0,0,0
ナターリア,14,155,43,84,55,86,0,0,0,1,2,4,3,3,0,1,0,0,0
並木芽衣子,22,160,44,80,57,82,0,0,0,1,6,3,0,0,1,0,1.25,1,0
成宮由愛,13,150,40,72,51,73,0,0,1,0,2,0,1,0,1,0,0,0,0
南条光,14,140,41,79,58,80,1,0,0,1,6,4,0,1,0,0,0,0,0
難波笑美,17,158,45,82,56,80,1,0,0,1,0,1,0,1,0,0,1,0.2,0
西川保奈美,16,155,55,88,60,86,0,0,1,0,0,0,3,2,0,0,2,1,0
西島櫂,19,172,49,86,59,83,0,0,0,1,1,1,0,1,0,0,0,0,0
二宮飛鳥,14,154,42,75,55,78,1,0,1,0,22,15,11,5,2,2.111111111,4,0.5,0
丹羽仁美,18,157,43,81,55,79,0,1,0,0,2,0,0,0,0,0,0,0,0
野々村そら,15,157,46,84,57,85,0,0,0,1,0,0,0,0,0,0,0,0,0
萩原雪歩,17,155,42,81,56,81,1,0,0,1,2,2,0,0,2,1,1,0,0
服部瞳子,25,169,48,78,57,80,0,0,1,0,1,2,0,0,0,0,3,1,0
浜川愛結奈,22,168,50,92,58,85,0,0,0,1,0,0,1,1,0,0,1.5,0.5,0
浜口あやめ,15,154,42,78,55,80,1,0,0,1,4,3,2,0,0,0,0,0,0
早坂美玲,14,147,39,75,54,77,1,1,0,0,8,3,2,0,0,0,0,1,0
原田美世,20,163,46,86,59,85,0,1,0,0,1,1,5,2,0,0,5.25,2.166666667,0
柊志乃,31,167,43,84,54,83,0,0,1,0,0,1,13,9,0,0,2.2,7.25,0
日野茜,17,148,40,80,60,82,1,0,0,1,9,5,0,0,0,0,1,2,0
姫川友紀,20,161,44,80,57,80,1,0,0,1,11,6,6.076923077,7,2.333333333,1,7.583333333,14,0
兵藤レナ,27,167,48,92,56,84,0,1,0,0,1,1,7,10,0,0,2,2.5,0
福山舞,10,132,28,64,56,70,0,1,0,0,1,0,1,2,0,0.5,0,0,0
藤居朋,19,163,45,78,57,83,0,0,1,0,1,2,0,1,0,0,2,0,0
藤本里奈,18,154,41,77,55,80,1,1,0,0,3,4,1,1,0,0,5,1,0
藤原肇,16,161,43,80,55,84,1,0,1,0,10,10,1,1,1,0,1,1.5,0
双海亜美,13,158,42,78,55,77,1,0,0,1,0,0,0,0,0,0,0,0,0
双海真美,13,158,42,78,55,77,1,0,0,1,0,1,0,0,0,0,0,0,0
古澤頼子,17,165,45,80,59,83,0,0,1,0,1,1,0,0,1,0,0,0,0
ヘレン,24,158,46,90,58,81,0,0,1,0,0,1,2,0,0,0,4.2,2,0
ベテラントレーナー,26,163,45,83,56,84,1,0,0,1,0,0,0,0,0,0,0,0,0
星井美希,15,161,45,86,55,83,1,0,0,1,2,4,3,1,1.076923077,2,3,1.25,0
星輝子,15,142,35,73,53,75,1,0,0,1,16,11,0,0,1,0,2.5,0.333333333,0
堀裕子,16,157,44,81,58,80,1,0,0,1,6,8,3,3.333333333,0,0,4.5,0,0
槙原志保,19,162,46,86,57,91,0,0,0,1,0,0,4,1,0,0,0,0,0
マスタートレーナー,28,166,45,82,56,83,1,0,0,1,0,0,0,0,0,0,0,0,0
松尾千鶴,15,161,45,78,54,81,0,0,1,0,2,3,1,1,0,0,1,0,0
松永涼,18,160,47,90,56,86,1,0,1,0,1,2,0,1,0,0,3.642857143,3,0
松原早耶,18,156,43,83,58,86,0,1,0,0,0,0,0,0,0,0,0,0,0
松本沙理奈,22,165,48,92,58,85,0,0,1,0,1,2,25,21,1,2.5,5,6.5,0
松山久美子,21,161,44,81,56,81,0,0,0,1,2,0,0,0,0,0,2,2,0
的場梨沙,12,143,38,71,58,73,0,0,0,1,7,1,7,2,1,0,2,0.2,0
間中美里,20,160,46,84,57,85,0,1,0,0,0,0,0,0,0,0,1,0,0
真鍋いつき,22,165,46,85,57,83,0,0,0,1,0,2,0,1,0,0,0,1,0
三浦あずさ,21,168,48,91,59,86,1,0,1,0,1,1,1,1,0,0,1,1,0
水木聖來,23,155,43,82,55,80,0,0,1,0,2,4,1,1,0,0,2.5,8,0
水野翠,18,164,47,80,54,81,0,0,1,0,0,0,1,0,0,0,0,0,0
水本ゆかり,15,155,42,81,56,82,1,1,0,0,12,10,15,5,1,6,4,0,0
水瀬伊織,15,153,40,77,54,79,1,0,0,1,2,0,0,0,0,0,0,0,0
三村かな子,17,153,52,90,65,89,1,1,0,0,9,8,8,10,2.41025641,1.333333333,4,8.7,0
宮本フレデリカ,19,164,46,83,57,85,1,1,0,0,16,16,1,2,1.4,1,19.11111111,20.93333333,0
三好紗南,14,149,39,75,56,80,0,0,0,1,3,0,0,0,0,0.333333333,0,0,0
向井拓海,18,163,53,95,60,87,1,0,0,1,1,6,6,7,0,0,4,3.5,0
棟方愛海,14,151,41,73,56,75,1,1,0,0,4,0,0,1,0,0,0,1,0
村上巴,13,146,37,74,53,76,1,0,0,1,5,1,0,0,0,0,0,0,0
村松さくら,15,145,38,75,55,77,0,1,0,0,1,2,0,0,0,0,0,0,0
メアリー・コクラン,11,150,40,70,58,72,0,0,0,1,0,2,0,0,0,0,0,0,0
持田亜里沙,21,156,45,77,54,76,0,1,0,0,0,1,1,2,0,0,1,0.666666667,0
望月聖,13,150,37,82,56,86,0,0,1,0,0,1,2,0,0,0,0,0,0
桃井あずき,15,145,40,80,55,78,0,1,0,0,3,1,3,0,0,0,1,1,0
森久保乃々,14,149,38,73,55,76,1,0,1,0,21,11,0,1,3.333333333,3.333333333,0,0,0
諸星きらり,17,182,60,91,64,86,1,0,0,1,12,12,1,1,0,0,4.5,11.45,0
楊菲菲,15,152,41,82,58,84,0,1,0,0,0,0,0,1,0,0,0,0,0
八神マキノ,18,160,45,85,56,83,0,0,1,0,1,3,2,3,0.2,1,0.25,0,0
矢口美羽,14,150,41,81,56,80,0,0,0,1,2,0,0,0,0,0,0,0,0
柳清良,23,158,47,85,58,86,0,1,0,0,0,0,3,0,1,0,0,0.5,0
柳瀬美由紀,14,144,33,75,54,77,0,1,0,0,0,0,0,0,0,0,0,1,0
大和亜季,21,165,51,92,60,85,1,0,1,0,0,3,4,2,0,0,1,1.2,0
結城晴,12,140,37,74,55,78,1,0,1,0,8,5,2.076923077,5,0,0,0,0,0
遊佐こずえ,11,130,28,62,50,65,0,1,0,0,6,2,4,0,0,0.166666667,0,1,0
横山千佳,9,127,31,60,55,65,0,1,0,0,1,1,0,0,0,0,0,0,0
吉岡沙紀,17,166,43,86,60,85,0,0,1,0,1,0,0,0,0,0,0,0,0
依田芳乃,16,151,40,73,53,73,0,0,0,1,12,9,2,5,2,0,1,0,0
ライラ,16,150,40,75,54,78,0,0,1,0,7,2,0,0,0,0,0,0,0
龍崎薫,9,132,32,65,51,70,1,0,0,1,4,2,1,1,0,2.333333333,4,0,0
ルーキートレーナー,19,157,45,77,56,82,1,0,0,1,1,0,1,0,0,0,1,1,0
若林智香,17,156,45,82,57,83,0,0,0,1,0,1,1,2,0,0,0,0,0
脇山珠美,16,145,38,72,53,75,1,0,1,0,1,7,0,1,0,0,0,0,0
和久井留美,26,168,49,81,60,86,0,0,1,0,1,9,3,2,0,0,3,3,0
鷺沢文香,19,162,45,84,54,81,1,0,1,0,31,18,76.07692308,68.33333333,397.5102564,312.3111111,28.7,19,1
安部菜々,17,146,40,84,57,84,1,1,0,0,19,20,10,2.333333333,3.2,6.142857143,19.11111111,22.58333333,2
一ノ瀬志希,18,161,43,83,57,82,1,1,0,0,25,23,27,30,11.01858974,6.361111111,31.75,32.26666667,2
緒方智絵里,16,153,42,79,57,80,1,1,0,0,27,17,10,8,34.19358974,41.08333333,8.5,2,2
川島瑞樹,28,159,44,87,57,85,1,0,1,0,9,8,4,5,0,1,35,36.58333333,2
佐久間まゆ,16,153,40,78,54,80,1,1,0,0,28,39,15,12,15.79166667,15.72777778,6.75,9,2
塩見周子,18,163,45,82,56,81,1,0,1,0,13,14,18.57692308,9,3.976923077,1,31.58333333,25.51666667,2
渋谷凛,15,165,44,80,56,81,1,0,1,0,31,17,10,6,36.575,30.72619048,54.94444444,13.5,2
島村卯月,17,159,45,83,59,87,1,1,0,0,18,14,9,10,27.36666667,23.72619048,27.61111111,10.83333333,2
城ヶ崎美嘉,17,162,43,80,56,82,1,0,0,1,8,12,24.07692308,18,44.75833333,28.22619048,38.75,17.43333333,2
高垣楓,25,171,49,81,57,83,1,0,1,0,28,25,13,19,11.15,9.25,130.1944444,87.16666667,2
十時愛梨,18,161,46,86,58,88,1,0,0,1,5,1,55,38,35.9,26.08333333,12,7,2
速水奏,17,162,43,86,55,84,1,0,1,0,17,19,31,24,14.94166667,8.25,55.78333333,40.6,2
北条加蓮,16,155,42,83,55,81,1,0,1,0,32,22,4,3,5.833333333,4.833333333,31,20,2
本田未央,15,161,46,84,58,87,1,0,0,1,19,14,19.07692308,17.5,28.56858974,26.91666667,31.11111111,25,2
前川みく,15,152,45,85,55,81,1,1,0,0,19,14,21.07692308,22.5,5.5,9.5,8.25,10,2
大槻唯,17,155,42,84,56,83,1,0,0,1,11,14,77.07692308,48.33333333,123.0602564,61.58730159,74.06111111,55.16666667,3
新田美波,19,165,45,82,55,85,1,0,1,0,24,14,134.5769231,98.33333333,91.69358974,77.33333333,45.45,39.2,3
三船美優,26,165,46,85,60,85,1,0,1,0,11,17,99.5,94.66666667,21.27692308,15.52777778,46.9,34.33333333,3